use_uniqueness_penalty,n_runs,id_like_selected_edges_mean,meaningful_selected_edges_mean,id_like_ratio_mean,meaningful_recall_mean,n_features_mean,accuracy_mean,accuracy_std,roc_auc_mean,roc_auc_std,average_precision_mean,average_precision_std,log_loss_mean,log_loss_std
False,8,6.0,2.0,0.75,1.0,18.0,0.5219047619047619,0.01837591133157627,0.5272233568909034,0.016749444092813943,0.5583317784387718,0.015919246977412708,0.7288169214653557,0.009688922906926486
True,8,0.0,2.0,0.0,1.0,18.0,0.5248214285714285,0.012776105156649316,0.5282753163834655,0.014365939680069743,0.5601194550929388,0.014544710690085614,0.7310151478280353,0.008528279656120661
