method,n_seeds,n_features_mean,accuracy_mean,accuracy_std,roc_auc_mean,roc_auc_std,average_precision_mean,average_precision_std,log_loss_mean,log_loss_std,roc_auc_gap_vs_oracle_mean,average_precision_gap_vs_oracle_mean,log_loss_gap_vs_oracle_mean
weak_price_only,8,1.0,0.834,0.014382529084175096,0.5374885102153919,0.04337103621323915,0.20412936416952737,0.030212600963035567,0.4496592263117316,0.025784948242995605,0.11737871809182449,0.07704956235225542,0.016363475469459952
random_top4,8,4.0,0.83355,0.014462463730044652,0.5852340045864732,0.0128849555706295,0.23419060878201137,0.01623624353238984,0.4455825072037224,0.02523290042653026,0.06963322372074321,0.04698831773977141,0.012286756361450737
ranker_top4,8,4.0,0.833,0.014382529084175096,0.6528008326432598,0.028455738234302027,0.27888011433146387,0.026816121581389234,0.4336645632294768,0.02841071019403869,0.0020663956639566375,0.002298812190318975,0.000368812387205075
oracle,8,4.0,0.833,0.014382529084175096,0.6548672283072164,0.027409857137955056,0.2811789265217828,0.02749981303738886,0.4332957508422717,0.02789240250367912,0.0,0.0,0.0
