mode,n_runs,n_features_mean,accuracy_mean,accuracy_std,roc_auc_mean,roc_auc_std,average_precision_mean,average_precision_std,log_loss_mean,log_loss_std
leaky_future,8,6.0,0.9986428571428572,0.001978013256565444,0.9999933501898358,1.2961457821893431e-05,0.9999922082757506,1.490597625879376e-05,0.004263434605918004,0.005196638509438374
safe_cutoff,8,6.0,0.5789285714285715,0.01233332020066015,0.6088270072814423,0.01854474492400567,0.5619101517729201,0.01862877443332553,0.710770646780324,0.014102616011771301
target_only,8,1.0,0.5284285714285715,0.012885682610033904,0.5306996863119581,0.014676488667531767,0.48326954595717386,0.012053980110371102,0.7086966437389473,0.006981707408297293
