dataset,task,variant,n_runs,seeds,n_features_mean,evidence_level,exact_rerun_possible,accuracy_mean,accuracy_std,roc_auc_mean,roc_auc_std,average_precision_mean,average_precision_std,log_loss_mean,log_loss_std
rel-stack,user-badge,dmax2_only_topk16,1,41,16.0,single_seed_exploratory,False,0.9719237827306608,,0.8392676010151369,,0.2907590081231381,,0.1012404399239006,
rel-stack,user-badge,dmax2_only_random16,1,41,16.0,single_seed_exploratory,False,0.97187123582244,,0.8383768915790727,,0.2848548839931971,,0.1016511260465198,
rel-stack,user-badge,fdhg_dmax1_plus_dmax2_topk16,4,"41,42,43,44",39.0,multiseed_confirmatory,True,0.9720874865601177,0.00012703079439067055,0.8846334001220916,0.0012772050115640785,0.31952538023179844,0.0007928927664291504,0.09519175166814074,9.576693390997474e-05
rel-stack,user-badge,fdhg_dmax1_plus_dmax2_random16,4,"41,42,43,44",38.25,multiseed_confirmatory,True,0.9720248344772391,8.465860986431315e-05,0.8842505404054448,0.0011212374957190814,0.3180307580185395,0.000927371785189013,0.09529660815513773,0.0001263795633975824
